id,created_at,round,match,listType,voter_discord_id,winningSubmission,losingSubmission
95,2025-04-18 14:46:48.929692+00,0,0,best,capy_degen,45,123
96,2025-04-18 14:47:01.195495+00,0,1,best,capy_degen,94,118
97,2025-04-18 14:47:01.215508+00,0,0,best,bigboy_gabe,45,123
98,2025-04-18 14:47:03.94708+00,0,0,best,cukr0,94,123
99,2025-04-18 14:47:16.289527+00,0,2,best,capy_degen,86,111
100,2025-04-18 14:47:18.295502+00,0,1,best,cukr0,118,86
101,2025-04-18 14:47:23.797957+00,0,1,best,bigboy_gabe,118,94
102,2025-04-18 14:47:25.203604+00,0,2,best,cukr0,101,111
103,2025-04-18 14:47:30.605924+00,0,0,best,dajos,123,45
104,2025-04-18 14:47:38.389298+00,0,3,best,capy_degen,91,101
105,2025-04-18 14:47:39.406791+00,0,1,best,dajos,94,118
106,2025-04-18 14:47:39.502413+00,0,3,best,cukr0,115,91
107,2025-04-18 14:47:45.972719+00,0,2,best,bigboy_gabe,111,86
108,2025-04-18 14:47:51.473033+00,0,0,best,zeemik,45,123
109,2025-04-18 14:47:51.946468+00,0,4,best,capy_degen,115,121
110,2025-04-18 14:47:52.328052+00,0,4,best,cukr0,72,121
111,2025-04-18 14:47:53.658062+00,0,2,best,dajos,86,111
112,2025-04-18 14:47:59.456816+00,0,3,best,bigboy_gabe,115,91
113,2025-04-18 14:47:59.512153+00,1,0,best,capy_degen,94,45
114,2025-04-18 14:48:03.423628+00,0,3,best,dajos,91,101
115,2025-04-18 14:48:05.299906+00,1,0,best,cukr0,118,94
116,2025-04-18 14:48:07.449984+00,1,1,best,capy_degen,91,86
117,2025-04-18 14:48:10.271974+00,0,1,best,zeemik,94,118
118,2025-04-18 14:48:13.546189+00,0,4,best,bigboy_gabe,121,72
119,2025-04-18 14:48:13.746263+00,0,4,best,dajos,115,121
120,2025-04-18 14:48:15.965757+00,1,1,best,cukr0,115,101
121,2025-04-18 14:48:21.620913+00,0,5,best,dajos,72,109
122,2025-04-18 14:48:25.454539+00,1,0,best,bigboy_gabe,45,118
123,2025-04-18 14:48:29.044021+00,1,0,best,dajos,123,94
124,2025-04-18 14:48:33.871367+00,1,2,best,capy_degen,115,109
125,2025-04-18 14:48:33.994802+00,1,2,best,cukr0,72,109
126,2025-04-18 14:48:34.261742+00,1,1,best,bigboy_gabe,111,115
127,2025-04-18 14:48:34.263137+00,1,1,best,dajos,91,86
128,2025-04-18 14:48:39.08297+00,1,2,best,dajos,72,115
129,2025-04-18 14:48:39.990957+00,0,2,best,zeemik,86,111
130,2025-04-18 14:48:42.202137+00,1,2,best,bigboy_gabe,109,121
131,2025-04-18 14:48:47.580593+00,1,3,best,dajos,114,107
132,2025-04-18 14:48:47.736291+00,1,3,best,capy_degen,107,114
133,2025-04-18 14:48:49.762054+00,1,3,best,cukr0,107,114
134,2025-04-18 14:48:51.223885+00,1,4,best,dajos,61,65
135,2025-04-18 14:48:52.486556+00,1,3,best,bigboy_gabe,107,114
136,2025-04-18 14:48:53.726049+00,1,5,best,dajos,68,52
137,2025-04-18 14:48:54.703438+00,0,3,best,zeemik,91,101
138,2025-04-18 14:48:55.99199+00,1,6,best,dajos,47,105
139,2025-04-18 14:48:58.111119+00,1,7,best,dajos,98,120
140,2025-04-18 14:49:00.362339+00,2,0,best,dajos,91,123
141,2025-04-18 14:49:02.603975+00,2,1,best,dajos,72,114
142,2025-04-18 14:49:04.779154+00,2,2,best,dajos,68,61
143,2025-04-18 14:49:06.787697+00,0,4,best,zeemik,115,121
144,2025-04-18 14:49:06.857363+00,1,4,best,capy_degen,61,65
145,2025-04-18 14:49:06.871164+00,2,3,best,dajos,47,98
146,2025-04-18 14:49:08.559378+00,1,4,best,cukr0,61,65
147,2025-04-18 14:49:09.151373+00,3,0,best,dajos,72,91
148,2025-04-18 14:49:11.244579+00,3,1,best,dajos,68,47
149,2025-04-18 14:49:11.608078+00,1,4,best,bigboy_gabe,61,65
150,2025-04-18 14:49:13.483416+00,4,0,best,dajos,68,72
151,2025-04-18 14:49:15.140553+00,1,5,best,capy_degen,68,52
152,2025-04-18 14:49:15.482915+00,1,0,best,zeemik,94,45
153,2025-04-18 14:49:19.386399+00,0,0,worst,dajos,46,108
154,2025-04-18 14:49:20.900923+00,1,5,best,cukr0,68,52
155,2025-04-18 14:49:26.029109+00,0,1,worst,dajos,79,99
156,2025-04-18 14:49:26.628255+00,1,5,best,bigboy_gabe,68,52
157,2025-04-18 14:49:28.047088+00,1,1,best,zeemik,91,86
158,2025-04-18 14:49:28.509607+00,0,2,worst,dajos,126,104
159,2025-04-18 14:49:30.545905+00,1,6,best,capy_degen,47,105
160,2025-04-18 14:49:31.100994+00,0,3,worst,dajos,53,51
161,2025-04-18 14:49:33.744904+00,0,4,worst,dajos,89,93
162,2025-04-18 14:49:34.033095+00,1,6,best,cukr0,105,47
163,2025-04-18 14:49:36.507921+00,0,5,worst,dajos,96,117
164,2025-04-18 14:49:37.429906+00,1,2,best,zeemik,72,115
165,2025-04-18 14:49:39.033239+00,1,0,worst,dajos,46,79
166,2025-04-18 14:49:41.683821+00,1,1,worst,dajos,53,126
167,2025-04-18 14:49:44.153536+00,1,2,worst,dajos,89,96
168,2025-04-18 14:49:46.469354+00,1,3,worst,dajos,113,122
169,2025-04-18 14:49:48.728288+00,1,4,worst,dajos,87,62
170,2025-04-18 14:49:50.322489+00,1,3,best,zeemik,107,109
171,2025-04-18 14:49:50.913777+00,1,5,worst,dajos,70,124
172,2025-04-18 14:49:52.835307+00,1,7,best,cukr0,120,98
173,2025-04-18 14:49:53.090126+00,1,6,worst,dajos,110,119
174,2025-04-18 14:49:55.195742+00,1,7,worst,dajos,112,116
175,2025-04-18 14:49:57.330571+00,2,0,worst,dajos,53,46
176,2025-04-18 14:49:59.48954+00,2,1,worst,dajos,89,113
177,2025-04-18 14:50:00.543676+00,1,7,best,capy_degen,120,98
178,2025-04-18 14:50:01.313739+00,1,6,best,bigboy_gabe,47,105
179,2025-04-18 14:50:01.638251+00,2,2,worst,dajos,70,87
180,2025-04-18 14:50:02.935304+00,2,0,best,cukr0,118,115
181,2025-04-18 14:50:03.893516+00,2,3,worst,dajos,110,112
182,2025-04-18 14:50:06.053924+00,3,0,worst,dajos,89,53
183,2025-04-18 14:50:08.413052+00,3,1,worst,dajos,110,70
184,2025-04-18 14:50:10.737673+00,4,0,worst,dajos,89,110
185,2025-04-18 14:50:11.616236+00,1,7,best,bigboy_gabe,120,98
186,2025-04-18 14:50:11.890923+00,2,1,best,cukr0,107,72
187,2025-04-18 14:50:12.03292+00,2,0,best,capy_degen,91,94
188,2025-04-18 14:50:16.433406+00,1,4,best,zeemik,114,61
189,2025-04-18 14:50:17.865945+00,2,0,best,bigboy_gabe,111,45
190,2025-04-18 14:50:18.895882+00,2,1,best,capy_degen,115,107
191,2025-04-18 14:50:24.218087+00,2,2,best,capy_degen,68,61
192,2025-04-18 14:50:25.98652+00,2,1,best,bigboy_gabe,109,107
193,2025-04-18 14:50:26.695925+00,1,5,best,zeemik,52,65
194,2025-04-18 14:50:36.975077+00,2,3,best,capy_degen,120,47
195,2025-04-18 14:50:37.86447+00,2,2,best,bigboy_gabe,68,61
196,2025-04-18 14:50:40.418598+00,1,6,best,zeemik,105,47
197,2025-04-18 14:50:42.166241+00,2,2,best,cukr0,68,61
198,2025-04-18 14:50:47.071129+00,3,0,best,capy_degen,115,91
199,2025-04-18 14:50:47.319533+00,2,3,best,bigboy_gabe,120,47
200,2025-04-18 14:50:48.841439+00,2,3,best,cukr0,105,120
201,2025-04-18 14:50:53.65921+00,3,1,best,capy_degen,68,120
202,2025-04-18 14:50:59.477519+00,1,7,best,zeemik,120,98
203,2025-04-18 14:51:00.776883+00,3,0,best,bigboy_gabe,111,109
204,2025-04-18 14:51:01.645773+00,4,0,best,capy_degen,115,68
205,2025-04-18 14:51:02.728021+00,3,0,best,cukr0,107,118
206,2025-04-18 14:51:09.380681+00,2,0,best,zeemik,94,91
207,2025-04-18 14:51:10.376639+00,3,1,best,bigboy_gabe,68,120
208,2025-04-18 14:51:11.008019+00,3,1,best,cukr0,68,105
209,2025-04-18 14:51:14.44948+00,0,0,worst,capy_degen,46,108
210,2025-04-18 14:51:19.38562+00,2,1,best,zeemik,72,107
211,2025-04-18 14:51:22.706883+00,0,1,worst,capy_degen,127,99
212,2025-04-18 14:51:23.968487+00,4,0,best,cukr0,107,68
213,2025-04-18 14:51:28.879976+00,0,2,worst,capy_degen,104,126
214,2025-04-18 14:51:29.004279+00,2,2,best,zeemik,52,114
215,2025-04-18 14:51:33.55231+00,4,0,best,bigboy_gabe,68,111
216,2025-04-18 14:51:35.336393+00,0,3,worst,capy_degen,53,51
217,2025-04-18 14:51:38.7298+00,0,0,worst,cukr0,108,46
218,2025-04-18 14:51:41.491457+00,2,3,best,zeemik,105,120
219,2025-04-18 14:51:44.68372+00,0,4,worst,capy_degen,89,93
221,2025-04-18 14:51:51.873251+00,0,5,worst,capy_degen,96,117
222,2025-04-18 14:51:51.95632+00,0,0,worst,bigboy_gabe,46,108
223,2025-04-18 14:51:52.415852+00,0,1,worst,cukr0,99,79
224,2025-04-18 14:51:58.287908+00,3,0,best,zeemik,72,94
225,2025-04-18 14:52:00.652856+00,1,0,worst,capy_degen,46,127
226,2025-04-18 14:52:01.93986+00,0,2,worst,cukr0,104,127
228,2025-04-18 14:52:03.223966+00,0,1,worst,bigboy_gabe,79,99
229,2025-04-18 14:52:04.361531+00,3,1,best,zeemik,52,105
230,2025-04-18 14:52:06.357216+00,1,1,worst,capy_degen,53,104
231,2025-04-18 14:52:07.788992+00,4,0,best,zeemik,72,52
232,2025-04-18 14:52:12.239916+00,1,2,worst,capy_degen,96,89
233,2025-04-18 14:52:12.553644+00,0,3,worst,cukr0,53,126
234,2025-04-18 14:52:18.11099+00,0,2,worst,bigboy_gabe,127,104
235,2025-04-18 14:52:21.545935+00,0,4,worst,cukr0,93,89
236,2025-04-18 14:52:26.124107+00,1,3,worst,capy_degen,113,122
237,2025-04-18 14:52:35.591332+00,0,3,worst,bigboy_gabe,51,126
238,2025-04-18 14:52:45.909772+00,0,4,worst,bigboy_gabe,53,89
241,2025-04-18 14:53:06.936769+00,0,0,worst,zeemik,46,108
242,2025-04-18 14:53:10.791273+00,0,5,worst,cukr0,96,117
243,2025-04-18 14:53:10.952614+00,0,5,worst,bigboy_gabe,93,96
245,2025-04-18 14:53:19.217043+00,1,4,worst,capy_degen,87,62
246,2025-04-18 14:53:19.664419+00,1,0,worst,cukr0,108,99
247,2025-04-18 14:53:21.794403+00,1,0,worst,bigboy_gabe,79,46
249,2025-04-18 14:53:27.817087+00,1,5,worst,capy_degen,124,70
250,2025-04-18 14:53:27.920319+00,1,1,worst,cukr0,104,53
251,2025-04-18 14:53:27.987665+00,0,1,worst,zeemik,79,99
252,2025-04-18 14:53:28.297589+00,1,1,worst,bigboy_gabe,51,127
254,2025-04-18 14:53:34.857581+00,1,6,worst,capy_degen,119,110
255,2025-04-18 14:53:35.889045+00,1,2,worst,bigboy_gabe,53,93
256,2025-04-18 14:53:39.116803+00,1,7,worst,capy_degen,116,112
257,2025-04-18 14:53:39.336709+00,1,2,worst,cukr0,93,96
258,2025-04-18 14:53:42.302131+00,1,3,worst,bigboy_gabe,113,117
260,2025-04-18 14:53:43.791687+00,2,0,worst,capy_degen,46,53
261,2025-04-18 14:53:50.229985+00,2,1,worst,capy_degen,113,96
262,2025-04-18 14:53:50.845764+00,0,2,worst,zeemik,127,104
263,2025-04-18 14:53:54.32879+00,2,2,worst,capy_degen,87,124
264,2025-04-18 14:53:55.03193+00,1,3,worst,cukr0,122,113
265,2025-04-18 14:53:57.975366+00,0,3,worst,zeemik,53,51
266,2025-04-18 14:53:59.323177+00,1,4,worst,bigboy_gabe,122,62
268,2025-04-18 14:54:01.775386+00,2,3,worst,capy_degen,116,119
269,2025-04-18 14:54:05.60564+00,0,4,worst,zeemik,89,93
270,2025-04-18 14:54:06.377541+00,3,0,worst,capy_degen,113,46
271,2025-04-18 14:54:06.598883+00,1,4,worst,cukr0,62,87
273,2025-04-18 14:54:09.598301+00,1,5,worst,bigboy_gabe,87,124
274,2025-04-18 14:54:10.040385+00,0,5,worst,zeemik,117,96
275,2025-04-18 14:54:18.141702+00,3,1,worst,capy_degen,116,87
276,2025-04-18 14:54:22.216182+00,1,6,worst,bigboy_gabe,119,110
277,2025-04-18 14:54:24.213799+00,1,5,worst,cukr0,70,124
278,2025-04-18 14:54:24.309554+00,1,0,worst,zeemik,79,46
279,2025-04-18 14:54:25.378581+00,4,0,worst,capy_degen,116,113
280,2025-04-18 14:54:30.86565+00,1,1,worst,zeemik,53,127
281,2025-04-18 14:54:32.80072+00,1,6,worst,cukr0,119,110
282,2025-04-18 14:54:33.56774+00,1,7,worst,bigboy_gabe,116,112
283,2025-04-18 14:54:39.07254+00,1,2,worst,zeemik,117,89
284,2025-04-18 14:54:43.305736+00,1,7,worst,cukr0,116,112
285,2025-04-18 14:54:44.714783+00,1,3,worst,zeemik,113,122
286,2025-04-18 14:54:44.911387+00,2,0,worst,bigboy_gabe,79,51
287,2025-04-18 14:54:52.726312+00,1,4,worst,zeemik,87,62
289,2025-04-18 14:54:56.841211+00,2,0,worst,cukr0,104,108
290,2025-04-18 14:54:57.643273+00,2,1,worst,bigboy_gabe,113,53
291,2025-04-18 14:55:01.787682+00,1,5,worst,zeemik,70,124
292,2025-04-18 14:55:04.889071+00,2,2,worst,bigboy_gabe,87,122
293,2025-04-18 14:55:08.125103+00,2,1,worst,cukr0,93,122
294,2025-04-18 14:55:09.925454+00,2,3,worst,bigboy_gabe,116,119
295,2025-04-18 14:55:15.466738+00,1,6,worst,zeemik,119,110
297,2025-04-18 14:55:18.815173+00,3,0,worst,bigboy_gabe,79,113
298,2025-04-18 14:55:19.252463+00,2,2,worst,cukr0,70,62
299,2025-04-18 14:55:26.11118+00,1,7,worst,zeemik,112,116
300,2025-04-18 14:55:27.278055+00,3,1,worst,bigboy_gabe,116,87
301,2025-04-18 14:55:27.522013+00,0,0,best,kooubek,123,45
302,2025-04-18 14:55:28.600357+00,2,3,worst,cukr0,119,116
304,2025-04-18 14:55:36.344498+00,3,0,worst,cukr0,104,93
305,2025-04-18 14:55:40.189721+00,4,0,worst,bigboy_gabe,79,116
306,2025-04-18 14:55:40.590213+00,0,1,best,kooubek,118,94
307,2025-04-18 14:55:45.228568+00,3,1,worst,cukr0,119,70
308,2025-04-18 14:55:50.586366+00,4,0,worst,cukr0,104,119
309,2025-04-18 14:55:51.631788+00,2,0,worst,zeemik,79,53
310,2025-04-18 14:55:54.789053+00,0,2,best,kooubek,86,111
311,2025-04-18 14:55:56.856465+00,2,1,worst,zeemik,113,117
313,2025-04-18 14:56:05.292121+00,2,2,worst,zeemik,70,87
314,2025-04-18 14:56:06.299474+00,0,3,best,kooubek,91,101
315,2025-04-18 14:56:10.754914+00,2,3,worst,zeemik,112,119
317,2025-04-18 14:56:15.518773+00,0,4,best,kooubek,115,121
318,2025-04-18 14:56:20.300658+00,3,0,worst,zeemik,113,79
319,2025-04-18 14:56:23.395614+00,1,0,best,kooubek,123,118
321,2025-04-18 14:56:30.565734+00,3,1,worst,zeemik,112,70
322,2025-04-18 14:56:34.694335+00,1,1,best,kooubek,86,91
324,2025-04-18 14:56:46.267247+00,1,2,best,kooubek,72,115
326,2025-04-18 14:56:54.259633+00,4,0,worst,zeemik,113,112
327,2025-04-18 14:57:03.113078+00,1,3,best,kooubek,107,109
328,2025-04-18 14:57:10.320565+00,1,4,best,kooubek,114,61
330,2025-04-18 14:57:17.948523+00,1,5,best,kooubek,68,65
331,2025-04-18 14:57:24.619745+00,1,6,best,kooubek,52,47
333,2025-04-18 14:57:39.214202+00,1,7,best,kooubek,120,98
335,2025-04-18 14:57:47.596642+00,2,0,best,kooubek,123,86
336,2025-04-18 14:57:56.131346+00,2,1,best,kooubek,72,107
337,2025-04-18 14:58:04.533413+00,2,2,best,kooubek,68,114
338,2025-04-18 14:58:22.698777+00,2,3,best,kooubek,52,120
360,2025-04-18 15:09:42.716197+00,3,0,best,kooubek,123,72
361,2025-04-18 15:09:49.868885+00,3,1,best,kooubek,68,52
362,2025-04-18 15:09:58.801401+00,4,0,best,kooubek,68,123
363,2025-04-18 15:11:15.24369+00,0,0,worst,kooubek,108,46
364,2025-04-18 15:11:34.961515+00,0,1,worst,kooubek,99,79
365,2025-04-18 15:12:47.37925+00,0,2,worst,kooubek,126,127
366,2025-04-18 15:12:55.894884+00,0,3,worst,kooubek,53,51
367,2025-04-18 15:12:57.520604+00,0,0,best,psajcho,123,45
368,2025-04-18 15:13:05.042446+00,0,4,worst,kooubek,89,93
369,2025-04-18 15:13:11.346676+00,0,5,worst,kooubek,96,117
370,2025-04-18 15:13:16.328904+00,0,1,best,psajcho,118,94
371,2025-04-18 15:13:17.874797+00,1,0,worst,kooubek,108,99
372,2025-04-18 15:13:28.298758+00,0,2,best,psajcho,101,111
373,2025-04-18 15:13:28.772433+00,1,1,worst,kooubek,126,53
374,2025-04-18 15:13:39.020985+00,1,2,worst,kooubek,96,89
375,2025-04-18 15:13:46.199816+00,0,3,best,psajcho,91,115
376,2025-04-18 15:13:50.174748+00,1,3,worst,kooubek,122,113
377,2025-04-18 15:13:54.980333+00,0,0,best,seean8156,45,94
378,2025-04-18 15:13:56.858048+00,0,0,best,3y3scr3am,45,123
379,2025-04-18 15:14:00.319904+00,0,0,worst,psajcho,46,108
380,2025-04-18 15:14:01.877061+00,1,4,worst,kooubek,62,87
381,2025-04-18 15:14:05.350292+00,0,0,best,ninah8637,123,45
382,2025-04-18 15:14:09.616974+00,1,5,worst,kooubek,70,124
383,2025-04-18 15:14:11.299163+00,0,1,best,seean8156,118,86
384,2025-04-18 15:14:12.684371+00,0,4,best,psajcho,121,72
385,2025-04-18 15:14:15.723567+00,1,6,worst,kooubek,110,119
386,2025-04-18 15:14:21.955839+00,1,7,worst,kooubek,116,112
387,2025-04-18 15:14:28.311089+00,2,0,worst,kooubek,108,126
388,2025-04-18 15:14:34.848347+00,0,1,best,ninah8637,94,118
389,2025-04-18 15:14:35.396153+00,2,1,worst,kooubek,96,122
390,2025-04-18 15:14:36.811859+00,0,2,best,seean8156,101,111
391,2025-04-18 15:14:38.611087+00,0,0,best,sinkvili,45,123
392,2025-04-18 15:14:39.946359+00,2,2,worst,kooubek,70,62
393,2025-04-18 15:14:47.460097+00,2,3,worst,kooubek,110,116
394,2025-04-18 15:14:51.401825+00,0,3,best,seean8156,115,91
395,2025-04-18 15:14:51.894539+00,3,0,worst,kooubek,96,108
396,2025-04-18 15:14:54.655234+00,0,1,best,sinkvili,118,94
397,2025-04-18 15:14:55.850716+00,3,1,worst,kooubek,110,70
398,2025-04-18 15:14:59.852874+00,0,2,best,ninah8637,86,111
399,2025-04-18 15:15:00.172727+00,4,0,worst,kooubek,96,110
400,2025-04-18 15:15:04.982842+00,0,4,best,seean8156,72,121
401,2025-04-18 15:15:13.255171+00,1,0,best,psajcho,123,118
402,2025-04-18 15:15:14.419371+00,0,3,best,ninah8637,101,91
403,2025-04-18 15:15:25.833893+00,1,0,best,seean8156,45,118
404,2025-04-18 15:15:27.623015+00,0,1,worst,psajcho,79,99
405,2025-04-18 15:15:36.991815+00,1,1,best,seean8156,115,101
406,2025-04-18 15:15:37.776982+00,0,2,worst,psajcho,104,127
407,2025-04-18 15:15:44.113209+00,0,2,best,sinkvili,86,111
408,2025-04-18 15:15:46.15073+00,0,1,best,3y3scr3am,94,118
409,2025-04-18 15:15:47.064831+00,1,2,best,seean8156,72,109
410,2025-04-18 15:15:48.430386+00,0,3,worst,psajcho,51,126
411,2025-04-18 15:15:52.56055+00,0,4,worst,psajcho,89,53
412,2025-04-18 15:15:59.222562+00,0,5,worst,psajcho,93,96
413,2025-04-18 15:16:07.249484+00,1,0,worst,psajcho,46,79
414,2025-04-18 15:16:09.021367+00,0,4,best,ninah8637,121,115
415,2025-04-18 15:16:10.711725+00,1,3,best,seean8156,107,114
416,2025-04-18 15:16:14.789668+00,1,1,worst,psajcho,104,51
417,2025-04-18 15:16:20.095769+00,1,2,worst,psajcho,93,89
418,2025-04-18 15:16:21.111173+00,1,0,best,ninah8637,123,94
419,2025-04-18 15:16:24.523401+00,1,3,worst,psajcho,117,113
420,2025-04-18 15:16:29.124164+00,1,4,worst,psajcho,62,122
421,2025-04-18 15:16:30.832229+00,1,4,best,seean8156,61,65
422,2025-04-18 15:16:32.387185+00,1,1,best,ninah8637,101,86
423,2025-04-18 15:16:37.222029+00,1,5,worst,psajcho,124,70
424,2025-04-18 15:16:46.337794+00,1,1,best,psajcho,91,101
425,2025-04-18 15:16:46.804338+00,1,5,best,seean8156,52,68
426,2025-04-18 15:16:54.758194+00,1,2,best,psajcho,121,109
427,2025-04-18 15:17:01.051339+00,1,6,best,seean8156,105,47
428,2025-04-18 15:17:01.617045+00,1,3,best,psajcho,107,114
429,2025-04-18 15:17:02.266462+00,1,2,best,ninah8637,121,72
430,2025-04-18 15:17:08.596105+00,1,4,best,psajcho,65,61
431,2025-04-18 15:17:10.809434+00,0,3,best,sinkvili,101,91
432,2025-04-18 15:17:12.41731+00,1,3,best,ninah8637,107,114
433,2025-04-18 15:17:13.310974+00,1,7,best,seean8156,120,98
434,2025-04-18 15:17:28.88227+00,0,4,best,sinkvili,121,115
435,2025-04-18 15:17:29.649312+00,2,0,best,seean8156,45,115
436,2025-04-18 15:17:31.966212+00,1,5,best,psajcho,68,52
437,2025-04-18 15:17:36.911189+00,1,4,best,ninah8637,65,61
438,2025-04-18 15:17:37.701684+00,1,6,best,psajcho,105,47
439,2025-04-18 15:17:40.361389+00,1,0,best,sinkvili,118,45
440,2025-04-18 15:17:43.472032+00,1,7,best,psajcho,98,120
441,2025-04-18 15:17:44.472695+00,2,1,best,seean8156,72,107
442,2025-04-18 15:17:49.760474+00,2,0,best,psajcho,123,91
443,2025-04-18 15:17:52.687379+00,0,0,best,gtliadrinea,45,123
444,2025-04-18 15:17:53.991179+00,1,1,best,sinkvili,101,86
445,2025-04-18 15:17:56.903996+00,2,1,best,psajcho,107,121
446,2025-04-18 15:17:57.761581+00,2,2,best,seean8156,52,61
447,2025-04-18 15:18:02.271283+00,2,2,best,psajcho,68,65
448,2025-04-18 15:18:02.437866+00,1,2,best,sinkvili,121,72
449,2025-04-18 15:18:05.183732+00,0,1,best,gtliadrinea,94,118
450,2025-04-18 15:18:07.184812+00,2,3,best,psajcho,105,98
451,2025-04-18 15:18:10.048895+00,1,5,best,ninah8637,68,52
452,2025-04-18 15:18:11.107836+00,3,0,best,psajcho,107,123
453,2025-04-18 15:18:11.701842+00,1,3,best,sinkvili,107,109
454,2025-04-18 15:18:12.686491+00,2,3,best,seean8156,105,120
455,2025-04-18 15:18:19.194116+00,0,0,best,.dryfish,45,123
456,2025-04-18 15:18:19.71722+00,1,6,worst,psajcho,110,119
457,2025-04-18 15:18:26.23232+00,1,7,worst,psajcho,112,116
458,2025-04-18 15:18:26.83273+00,1,4,best,sinkvili,114,65
459,2025-04-18 15:18:28.980319+00,1,6,best,ninah8637,105,47
460,2025-04-18 15:18:29.718162+00,0,1,best,.dryfish,118,94
461,2025-04-18 15:18:30.137955+00,3,0,best,seean8156,72,45
462,2025-04-18 15:18:33.616624+00,2,0,worst,psajcho,104,46
463,2025-04-18 15:18:37.97255+00,2,1,worst,psajcho,93,117
464,2025-04-18 15:18:39.389528+00,1,7,best,ninah8637,98,120
465,2025-04-18 15:18:40.085875+00,0,2,best,.dryfish,86,111
466,2025-04-18 15:18:42.042123+00,1,5,best,sinkvili,68,52
467,2025-04-18 15:18:42.451797+00,2,2,worst,psajcho,62,124
468,2025-04-18 15:18:43.973153+00,3,1,best,seean8156,52,105
469,2025-04-18 15:18:48.08845+00,2,3,worst,psajcho,112,110
470,2025-04-18 15:18:52.174326+00,2,0,best,ninah8637,101,123
471,2025-04-18 15:18:53.21808+00,3,0,worst,psajcho,93,104
472,2025-04-18 15:18:54.369042+00,0,2,best,3y3scr3am,86,111
473,2025-04-18 15:18:55.168548+00,0,2,best,gtliadrinea,111,86
474,2025-04-18 15:18:55.530813+00,0,3,best,.dryfish,91,101
475,2025-04-18 15:18:56.676837+00,4,0,best,seean8156,52,72
476,2025-04-18 15:19:00.599887+00,3,1,worst,psajcho,112,62
477,2025-04-18 15:19:01.428223+00,1,6,best,sinkvili,47,105
478,2025-04-18 15:19:02.091488+00,2,1,best,ninah8637,121,107
480,2025-04-18 15:19:06.400078+00,0,4,best,.dryfish,72,121
481,2025-04-18 15:19:08.539997+00,0,0,best,bugrid,45,123
482,2025-04-18 15:19:12.071816+00,4,0,worst,psajcho,112,93
483,2025-04-18 15:19:20.418579+00,1,0,best,.dryfish,45,118
484,2025-04-18 15:19:26.184068+00,0,0,worst,seean8156,108,46
485,2025-04-18 15:19:27.311724+00,1,1,best,.dryfish,86,91
486,2025-04-18 15:19:27.462676+00,3,1,best,psajcho,105,68
487,2025-04-18 15:19:28.437925+00,0,1,best,bugrid,86,118
488,2025-04-18 15:19:32.692518+00,1,7,best,sinkvili,120,98
489,2025-04-18 15:19:34.30004+00,1,2,best,.dryfish,72,109
490,2025-04-18 15:19:35.062987+00,4,0,best,psajcho,105,107
491,2025-04-18 15:19:35.999068+00,0,2,best,bugrid,111,101
492,2025-04-18 15:19:39.923068+00,1,3,best,.dryfish,114,107
493,2025-04-18 15:19:43.636987+00,2,0,best,sinkvili,118,101
494,2025-04-18 15:19:46.340984+00,0,3,best,bugrid,115,91
495,2025-04-18 15:19:47.939781+00,1,4,best,.dryfish,61,65
497,2025-04-18 15:19:53.694158+00,2,1,best,sinkvili,121,107
498,2025-04-18 15:19:55.436365+00,1,5,best,.dryfish,52,68
499,2025-04-18 15:20:05.088749+00,1,6,best,.dryfish,105,47
500,2025-04-18 15:20:06.821812+00,2,2,best,sinkvili,68,114
501,2025-04-18 15:20:06.916055+00,0,4,best,bugrid,121,72
502,2025-04-18 15:20:12.660064+00,1,7,best,.dryfish,98,120
503,2025-04-18 15:20:15.71452+00,1,0,best,bugrid,45,86
504,2025-04-18 15:20:16.536785+00,2,0,best,.dryfish,86,45
505,2025-04-18 15:20:16.996874+00,2,3,best,sinkvili,47,120
506,2025-04-18 15:20:21.94483+00,1,1,best,bugrid,111,115
507,2025-04-18 15:20:22.454879+00,2,1,best,.dryfish,114,72
508,2025-04-18 15:20:26.667741+00,2,2,best,.dryfish,52,61
509,2025-04-18 15:20:28.247379+00,1,2,best,bugrid,121,109
510,2025-04-18 15:20:31.580723+00,3,0,best,sinkvili,118,121
511,2025-04-18 15:20:32.937899+00,2,2,best,ninah8637,68,65
512,2025-04-18 15:20:35.566161+00,0,3,best,3y3scr3am,101,91
513,2025-04-18 15:20:38.82981+00,2,3,best,ninah8637,105,98
514,2025-04-18 15:20:39.364213+00,1,3,best,bugrid,107,114
515,2025-04-18 15:20:40.209094+00,0,1,worst,seean8156,79,99
516,2025-04-18 15:20:42.458712+00,3,1,best,sinkvili,47,68
517,2025-04-18 15:20:47.167478+00,2,3,best,.dryfish,105,98
518,2025-04-18 15:20:52.34042+00,1,4,best,bugrid,61,65
519,2025-04-18 15:21:09.637106+00,3,0,best,.dryfish,114,86
520,2025-04-18 15:21:10.395213+00,1,5,best,bugrid,68,52
521,2025-04-18 15:21:12.327726+00,0,4,best,3y3scr3am,115,121
522,2025-04-18 15:21:18.959298+00,3,0,best,ninah8637,101,121
523,2025-04-18 15:21:22.757271+00,0,2,worst,seean8156,104,127
524,2025-04-18 15:21:23.1135+00,3,1,best,.dryfish,105,52
525,2025-04-18 15:21:23.897651+00,1,6,best,bugrid,47,105
526,2025-04-18 15:21:24.523175+00,4,0,best,sinkvili,118,47
527,2025-04-18 15:21:32.059261+00,1,7,best,bugrid,120,98
528,2025-04-18 15:21:37.176134+00,4,0,best,.dryfish,114,105
529,2025-04-18 15:21:39.522079+00,2,0,best,bugrid,45,111
530,2025-04-18 15:21:48.238311+00,2,1,best,bugrid,121,107
531,2025-04-18 15:21:50.186724+00,0,0,worst,.dryfish,46,108
532,2025-04-18 15:21:54.352098+00,3,1,best,ninah8637,68,105
533,2025-04-18 15:21:57.450156+00,0,1,worst,.dryfish,79,99
534,2025-04-18 15:21:59.211192+00,2,2,best,bugrid,68,61
535,2025-04-18 15:22:00.858325+00,4,0,best,ninah8637,101,68
536,2025-04-18 15:22:04.791533+00,1,0,best,3y3scr3am,94,45
537,2025-04-18 15:22:06.816408+00,2,3,best,bugrid,47,120
540,2025-04-18 15:22:13.210334+00,3,0,best,bugrid,121,45
541,2025-04-18 15:22:13.268797+00,0,0,worst,sinkvili,46,108
542,2025-04-18 15:22:14.984271+00,0,2,worst,.dryfish,104,127
543,2025-04-18 15:22:18.652985+00,0,3,worst,seean8156,126,51
544,2025-04-18 15:22:21.616114+00,0,3,worst,.dryfish,126,51
545,2025-04-18 15:22:22.294963+00,3,1,best,bugrid,47,68
546,2025-04-18 15:22:28.848311+00,0,4,worst,.dryfish,53,89
547,2025-04-18 15:22:29.060194+00,4,0,best,bugrid,47,121
548,2025-04-18 15:22:34.014492+00,0,4,worst,seean8156,89,53
549,2025-04-18 15:22:35.059661+00,0,5,worst,.dryfish,93,96
550,2025-04-18 15:22:38.188699+00,0,1,worst,sinkvili,79,99
551,2025-04-18 15:22:39.476415+00,1,0,worst,.dryfish,79,46
552,2025-04-18 15:22:40.559782+00,0,5,worst,seean8156,93,96
553,2025-04-18 15:22:45.817801+00,0,0,worst,bugrid,46,108
554,2025-04-18 15:22:46.071947+00,1,1,worst,.dryfish,126,104
555,2025-04-18 15:22:46.680869+00,1,1,best,3y3scr3am,101,86
556,2025-04-18 15:22:50.720637+00,1,0,worst,seean8156,108,79
557,2025-04-18 15:22:51.536342+00,1,2,worst,.dryfish,53,93
558,2025-04-18 15:22:56.994436+00,0,1,worst,bugrid,99,79
559,2025-04-18 15:22:58.855922+00,0,2,worst,sinkvili,127,104
560,2025-04-18 15:23:00.762358+00,1,3,worst,.dryfish,113,122
561,2025-04-18 15:23:04.773404+00,0,2,worst,bugrid,127,104
562,2025-04-18 15:23:05.154233+00,1,2,best,3y3scr3am,115,72
563,2025-04-18 15:23:13.520718+00,0,3,worst,bugrid,126,51
564,2025-04-18 15:23:14.364683+00,1,1,worst,seean8156,104,126
565,2025-04-18 15:23:17.300119+00,0,0,worst,ninah8637,108,46
566,2025-04-18 15:23:20.972682+00,1,3,best,3y3scr3am,107,109
567,2025-04-18 15:23:23.418319+00,1,4,worst,.dryfish,87,62
568,2025-04-18 15:23:23.555608+00,0,4,worst,bugrid,89,53
569,2025-04-18 15:23:31.338911+00,0,3,worst,sinkvili,126,51
570,2025-04-18 15:23:33.137597+00,1,5,worst,.dryfish,70,124
571,2025-04-18 15:23:39.737258+00,1,6,worst,.dryfish,119,110
572,2025-04-18 15:23:43.525223+00,1,4,best,3y3scr3am,65,61
573,2025-04-18 15:23:44.276038+00,0,1,worst,ninah8637,99,79
574,2025-04-18 15:23:48.289771+00,1,7,worst,.dryfish,116,112
575,2025-04-18 15:23:49.793004+00,1,2,worst,seean8156,93,89
576,2025-04-18 15:23:57.223621+00,0,2,worst,ninah8637,127,104
577,2025-04-18 15:24:00.102319+00,1,3,worst,seean8156,117,113
578,2025-04-18 15:24:01.825471+00,2,0,worst,.dryfish,79,126
579,2025-04-18 15:24:14.408096+00,2,1,worst,.dryfish,113,53
580,2025-04-18 15:24:22.944816+00,2,2,worst,.dryfish,70,87
581,2025-04-18 15:24:24.374002+00,1,4,worst,seean8156,87,62
582,2025-04-18 15:24:29.860317+00,2,3,worst,.dryfish,116,119
583,2025-04-18 15:24:40.538955+00,1,5,worst,seean8156,70,124
584,2025-04-18 15:24:41.66269+00,3,0,worst,.dryfish,79,113
585,2025-04-18 15:24:42.633145+00,0,3,worst,ninah8637,126,51
586,2025-04-18 15:24:48.51101+00,3,1,worst,.dryfish,116,70
587,2025-04-18 15:24:48.53986+00,1,6,worst,seean8156,110,119
588,2025-04-18 15:24:59.942753+00,1,7,worst,seean8156,112,116
589,2025-04-18 15:25:04.791737+00,4,0,worst,.dryfish,116,79
590,2025-04-18 15:25:08.503799+00,2,0,worst,seean8156,108,104
591,2025-04-18 15:25:09.648314+00,0,0,best,dohny,123,45
592,2025-04-18 15:25:13.47049+00,0,5,worst,bugrid,117,93
593,2025-04-18 15:25:22.594938+00,0,1,best,dohny,94,118
594,2025-04-18 15:25:23.126135+00,1,0,worst,bugrid,99,46
595,2025-04-18 15:25:27.299847+00,2,1,worst,seean8156,117,93
596,2025-04-18 15:25:28.99126+00,0,2,best,dohny,111,86
597,2025-04-18 15:25:32.620396+00,1,1,worst,bugrid,126,127
598,2025-04-18 15:25:33.772308+00,0,3,best,dohny,91,101
599,2025-04-18 15:25:37.531813+00,2,2,worst,seean8156,87,70
600,2025-04-18 15:25:39.10857+00,1,2,worst,bugrid,89,117
601,2025-04-18 15:25:43.049459+00,0,4,best,dohny,115,121
602,2025-04-18 15:25:44.681387+00,1,3,worst,bugrid,113,122
603,2025-04-18 15:25:45.314073+00,2,3,worst,seean8156,110,112
604,2025-04-18 15:25:49.42237+00,0,4,worst,sinkvili,89,53
605,2025-04-18 15:25:49.777603+00,0,4,worst,ninah8637,89,53
606,2025-04-18 15:25:50.113662+00,1,4,worst,bugrid,87,62
607,2025-04-18 15:25:50.196068+00,0,5,best,dohny,109,72
608,2025-04-18 15:25:56.660018+00,1,5,best,3y3scr3am,52,68
609,2025-04-18 15:25:57.662369+00,3,0,worst,seean8156,108,117
610,2025-04-18 15:25:58.784797+00,1,5,worst,bugrid,70,124
611,2025-04-18 15:26:01.140498+00,0,5,worst,sinkvili,93,96
612,2025-04-18 15:26:02.827731+00,1,0,best,dohny,123,94
613,2025-04-18 15:26:07.420194+00,0,5,worst,ninah8637,96,93
614,2025-04-18 15:26:09.482944+00,1,1,best,dohny,111,91
615,2025-04-18 15:26:09.660078+00,3,1,worst,seean8156,87,110
616,2025-04-18 15:26:14.755571+00,1,0,worst,sinkvili,79,46
617,2025-04-18 15:26:17.825013+00,1,2,best,dohny,109,115
618,2025-04-18 15:26:18.242944+00,4,0,worst,seean8156,108,87
619,2025-04-18 15:26:20.221077+00,1,0,worst,ninah8637,108,99
620,2025-04-18 15:26:21.641579+00,1,3,best,dohny,107,114
621,2025-04-18 15:26:23.832925+00,0,0,best,grepylol,45,123
622,2025-04-18 15:26:25.396171+00,1,4,best,dohny,61,65
623,2025-04-18 15:26:26.110016+00,1,6,worst,bugrid,119,110
624,2025-04-18 15:26:27.213852+00,1,1,worst,sinkvili,126,127
625,2025-04-18 15:26:29.986233+00,1,5,best,dohny,52,68
626,2025-04-18 15:26:31.272478+00,1,1,worst,ninah8637,126,127
627,2025-04-18 15:26:31.913947+00,0,1,best,grepylol,94,86
628,2025-04-18 15:26:32.952862+00,1,6,best,dohny,47,105
629,2025-04-18 15:26:35.692468+00,1,7,best,dohny,120,98
630,2025-04-18 15:26:38.478331+00,1,7,worst,bugrid,116,112
631,2025-04-18 15:26:39.545289+00,2,0,best,dohny,111,123
632,2025-04-18 15:26:42.508948+00,0,2,best,grepylol,101,111
633,2025-04-18 15:26:43.098067+00,2,1,best,dohny,109,107
634,2025-04-18 15:26:47.055445+00,2,2,best,dohny,52,61
635,2025-04-18 15:26:50.700239+00,2,3,best,dohny,47,120
636,2025-04-18 15:26:52.826839+00,2,0,worst,bugrid,99,126
637,2025-04-18 15:26:55.029053+00,3,0,best,dohny,111,109
638,2025-04-18 15:26:55.720431+00,1,2,worst,sinkvili,93,89
639,2025-04-18 15:27:00.501058+00,3,1,best,dohny,47,52
640,2025-04-18 15:27:04.516264+00,4,0,best,dohny,47,111
641,2025-04-18 15:27:05.907527+00,1,3,worst,sinkvili,117,113
642,2025-04-18 15:27:06.204055+00,2,1,worst,bugrid,89,113
643,2025-04-18 15:27:10.47481+00,0,3,best,grepylol,115,91
644,2025-04-18 15:27:15.120128+00,0,0,worst,dohny,108,46
645,2025-04-18 15:27:18.56478+00,1,4,worst,sinkvili,87,122
646,2025-04-18 15:27:18.929363+00,0,1,worst,dohny,79,99
647,2025-04-18 15:27:19.069409+00,2,2,worst,bugrid,87,70
648,2025-04-18 15:27:24.013605+00,0,4,best,grepylol,72,121
649,2025-04-18 15:27:24.070189+00,0,2,worst,dohny,127,104
650,2025-04-18 15:27:25.771639+00,2,3,worst,bugrid,116,119
651,2025-04-18 15:27:27.247717+00,0,3,worst,dohny,126,51
652,2025-04-18 15:27:29.589077+00,1,5,worst,sinkvili,70,124
653,2025-04-18 15:27:29.974928+00,3,0,worst,bugrid,99,89
654,2025-04-18 15:27:30.07235+00,0,4,worst,dohny,53,89
655,2025-04-18 15:27:30.949325+00,1,0,best,grepylol,94,45
656,2025-04-18 15:27:32.274178+00,0,5,worst,dohny,96,93
657,2025-04-18 15:27:34.561356+00,0,6,worst,dohny,113,117
658,2025-04-18 15:27:35.956289+00,3,1,worst,bugrid,116,87
659,2025-04-18 15:27:36.709101+00,1,0,worst,dohny,108,79
660,2025-04-18 15:27:38.177625+00,1,6,worst,sinkvili,110,119
661,2025-04-18 15:27:38.882994+00,1,2,worst,ninah8637,89,96
662,2025-04-18 15:27:38.92737+00,1,1,worst,dohny,126,127
663,2025-04-18 15:27:41.188665+00,1,2,worst,dohny,53,96
664,2025-04-18 15:27:43.389829+00,1,3,worst,dohny,113,122
665,2025-04-18 15:27:45.613403+00,1,4,worst,dohny,87,62
666,2025-04-18 15:27:46.934955+00,1,7,worst,sinkvili,116,112
667,2025-04-18 15:27:47.460244+00,1,3,worst,ninah8637,113,117
668,2025-04-18 15:27:47.814647+00,1,5,worst,dohny,70,124
669,2025-04-18 15:27:47.914964+00,4,0,worst,bugrid,99,116
670,2025-04-18 15:27:49.582903+00,1,6,best,3y3scr3am,47,105
671,2025-04-18 15:27:50.078866+00,1,6,worst,dohny,110,119
672,2025-04-18 15:27:51.143103+00,0,0,best,cynique.,123,45
673,2025-04-18 15:27:52.295113+00,1,7,worst,dohny,112,116
674,2025-04-18 15:27:53.744083+00,2,0,worst,sinkvili,126,79
675,2025-04-18 15:27:54.524057+00,2,0,worst,dohny,108,126
676,2025-04-18 15:27:56.743877+00,2,1,worst,dohny,113,53
677,2025-04-18 15:27:57.484711+00,0,1,best,cynique.,94,118
678,2025-04-18 15:27:58.933772+00,2,2,worst,dohny,70,87
679,2025-04-18 15:28:01.20556+00,2,3,worst,dohny,112,110
680,2025-04-18 15:28:03.289308+00,1,4,worst,ninah8637,122,62
681,2025-04-18 15:28:03.421637+00,3,0,worst,dohny,108,113
682,2025-04-18 15:28:04.362887+00,2,1,worst,sinkvili,117,93
683,2025-04-18 15:28:05.668617+00,3,1,worst,dohny,112,70
684,2025-04-18 15:28:06.491698+00,1,1,best,grepylol,115,101
685,2025-04-18 15:28:07.83758+00,4,0,worst,dohny,108,112
686,2025-04-18 15:28:10.570546+00,1,5,worst,ninah8637,87,70
687,2025-04-18 15:28:10.786737+00,0,2,best,cynique.,111,86
688,2025-04-18 15:28:12.47671+00,2,2,worst,sinkvili,70,87
689,2025-04-18 15:28:12.663573+00,1,7,best,3y3scr3am,98,120
690,2025-04-18 15:28:20.888826+00,2,3,worst,sinkvili,116,110
691,2025-04-18 15:28:27.695604+00,3,0,worst,sinkvili,117,126
692,2025-04-18 15:28:32.4056+00,1,2,best,grepylol,72,109
693,2025-04-18 15:28:39.303367+00,1,3,best,grepylol,107,114
694,2025-04-18 15:28:47.628891+00,2,0,best,3y3scr3am,94,101
695,2025-04-18 15:28:48.928396+00,0,3,best,cynique.,101,91
696,2025-04-18 15:28:51.122712+00,3,1,worst,sinkvili,116,70
697,2025-04-18 15:28:54.147434+00,1,6,worst,ninah8637,119,124
698,2025-04-18 15:28:56.681003+00,4,0,worst,sinkvili,117,116
699,2025-04-18 15:28:57.654164+00,0,4,best,cynique.,115,121
700,2025-04-18 15:29:07.968258+00,0,5,best,cynique.,109,72
701,2025-04-18 15:29:08.554065+00,2,1,best,3y3scr3am,115,107
702,2025-04-18 15:29:13.355372+00,1,7,worst,ninah8637,116,112
703,2025-04-18 15:29:13.970241+00,1,0,best,cynique.,94,123
704,2025-04-18 15:29:25.404066+00,1,1,best,cynique.,111,101
705,2025-04-18 15:29:25.769885+00,2,2,best,3y3scr3am,52,65
706,2025-04-18 15:29:30.074046+00,1,2,best,cynique.,109,115
707,2025-04-18 15:29:36.039082+00,1,3,best,cynique.,107,114
708,2025-04-18 15:30:57.852664+00,1,4,best,cynique.,65,61
709,2025-04-18 15:31:09.398508+00,1,5,best,cynique.,68,52
710,2025-04-18 15:31:24.640109+00,1,4,best,grepylol,65,61
711,2025-04-18 15:31:29.476317+00,1,5,best,grepylol,68,52
712,2025-04-18 15:31:33.148706+00,2,3,best,3y3scr3am,98,47
713,2025-04-18 15:31:47.650365+00,2,0,worst,ninah8637,108,126
714,2025-04-18 15:31:52.174856+00,2,1,worst,ninah8637,89,113
715,2025-04-18 15:31:56.167175+00,1,6,best,grepylol,105,47
716,2025-04-18 15:31:57.267366+00,2,2,worst,ninah8637,122,87
717,2025-04-18 15:32:05.287547+00,1,6,best,cynique.,105,47
718,2025-04-18 15:32:07.169948+00,2,3,worst,ninah8637,116,119
719,2025-04-18 15:32:14.136246+00,3,0,best,3y3scr3am,94,115
720,2025-04-18 15:32:33.339887+00,1,7,best,cynique.,120,98
721,2025-04-18 15:32:38.391495+00,3,1,best,3y3scr3am,52,98
722,2025-04-18 15:32:42.177544+00,1,7,best,grepylol,98,120
723,2025-04-18 15:32:56.281939+00,3,0,worst,ninah8637,89,108
724,2025-04-18 15:32:58.751669+00,2,0,best,cynique.,111,94
725,2025-04-18 15:33:04.41268+00,2,1,best,cynique.,109,107
726,2025-04-18 15:33:04.69006+00,3,1,worst,ninah8637,122,116
727,2025-04-18 15:33:20.405273+00,2,2,best,cynique.,65,68
728,2025-04-18 15:33:27.072912+00,4,0,worst,ninah8637,89,122
729,2025-04-18 15:33:38.304519+00,2,3,best,cynique.,105,120
730,2025-04-18 15:33:38.72258+00,4,0,best,3y3scr3am,94,52
731,2025-04-18 15:33:50.58823+00,3,0,best,cynique.,109,111
732,2025-04-18 15:34:01.165806+00,3,1,best,cynique.,65,105
733,2025-04-18 15:34:25.623432+00,4,0,best,cynique.,109,65
734,2025-04-18 15:34:28.844031+00,2,0,best,grepylol,94,115
735,2025-04-18 15:34:54.94973+00,2,1,best,grepylol,72,107
736,2025-04-18 15:35:30.449841+00,0,0,worst,3y3scr3am,108,46
737,2025-04-18 15:35:33.231632+00,2,2,best,grepylol,68,65
738,2025-04-18 15:35:46.898077+00,2,3,best,grepylol,105,98
739,2025-04-18 15:35:52.517027+00,3,0,best,grepylol,94,72
740,2025-04-18 15:35:54.317522+00,0,1,worst,3y3scr3am,99,79
741,2025-04-18 15:36:18.943883+00,0,2,worst,3y3scr3am,104,127
742,2025-04-18 15:36:46.014572+00,0,3,worst,3y3scr3am,126,51
743,2025-04-18 15:36:52.280803+00,0,0,worst,cynique.,108,46
744,2025-04-18 15:37:42.505279+00,0,1,worst,cynique.,99,79
745,2025-04-18 15:38:41.213125+00,0,2,worst,cynique.,127,104
746,2025-04-18 15:38:55.826147+00,0,3,worst,cynique.,126,51
747,2025-04-18 15:39:03.513899+00,0,4,worst,cynique.,53,89
748,2025-04-18 15:39:34.492124+00,0,5,worst,cynique.,96,93
749,2025-04-18 15:39:47.994344+00,0,6,worst,cynique.,113,117
750,2025-04-18 15:39:58.012349+00,1,0,worst,cynique.,108,99
751,2025-04-18 15:40:11.963251+00,0,4,worst,3y3scr3am,53,89
752,2025-04-18 15:40:45.404656+00,0,5,worst,3y3scr3am,96,93
753,2025-04-18 15:41:22.406851+00,1,1,worst,cynique.,127,126
754,2025-04-18 15:41:24.69097+00,1,0,worst,3y3scr3am,108,99
755,2025-04-18 15:41:29.905864+00,1,2,worst,cynique.,96,53
756,2025-04-18 15:41:46.569854+00,1,3,worst,cynique.,122,113
757,2025-04-18 15:41:57.364407+00,1,4,worst,cynique.,87,62
758,2025-04-18 15:42:17.554804+00,1,5,worst,cynique.,70,124
759,2025-04-18 15:42:18.934406+00,1,1,worst,3y3scr3am,126,104
760,2025-04-18 15:42:26.422224+00,1,6,worst,cynique.,110,119
761,2025-04-18 15:42:47.135032+00,1,7,worst,cynique.,116,112
762,2025-04-18 15:43:01.919352+00,2,0,worst,cynique.,127,108
763,2025-04-18 15:43:06.77678+00,2,1,worst,cynique.,96,122
764,2025-04-18 15:43:11.902435+00,2,2,worst,cynique.,70,87
765,2025-04-18 15:43:24.848184+00,2,3,worst,cynique.,110,116
766,2025-04-18 15:43:28.781665+00,3,0,worst,cynique.,96,127
767,2025-04-18 15:43:31.577399+00,1,2,worst,3y3scr3am,53,96
768,2025-04-18 15:43:35.814121+00,3,1,worst,cynique.,70,110
770,2025-04-18 15:44:39.990163+00,1,3,worst,3y3scr3am,122,117
771,2025-04-18 15:45:07.242247+00,1,4,worst,3y3scr3am,87,62
772,2025-04-18 15:46:17.472636+00,1,5,worst,3y3scr3am,70,124
773,2025-04-18 15:48:08.690668+00,1,6,worst,3y3scr3am,119,110
774,2025-04-18 15:48:23.047207+00,1,7,worst,3y3scr3am,116,112
775,2025-04-18 15:48:57.446871+00,2,0,worst,3y3scr3am,126,108
776,2025-04-18 15:49:16.933464+00,2,1,worst,3y3scr3am,53,122
777,2025-04-18 15:49:32.212506+00,2,2,worst,3y3scr3am,87,70
778,2025-04-18 15:50:07.158384+00,2,3,worst,3y3scr3am,116,119
779,2025-04-18 15:54:01.180932+00,3,0,worst,3y3scr3am,126,53
780,2025-04-18 15:55:16.408439+00,3,1,worst,3y3scr3am,116,87
781,2025-04-18 15:55:41.790374+00,4,0,worst,3y3scr3am,126,116
782,2025-04-18 16:02:18.796484+00,3,1,best,grepylol,68,105
783,2025-04-18 16:02:40.644409+00,4,0,best,grepylol,94,68
784,2025-04-18 16:05:08.022371+00,0,0,worst,grepylol,46,108
785,2025-04-18 16:05:57.546263+00,0,1,worst,grepylol,79,99
786,2025-04-18 16:07:08.274229+00,0,2,worst,grepylol,104,127
787,2025-04-18 16:08:41.811878+00,0,3,worst,grepylol,51,126
788,2025-04-18 16:11:01.624+00,0,4,worst,grepylol,89,53
789,2025-04-18 16:11:37.18606+00,0,5,worst,grepylol,96,93
790,2025-04-18 16:12:56.527853+00,1,0,worst,grepylol,79,46
791,2025-04-18 16:14:09.448381+00,1,1,worst,grepylol,51,104
792,2025-04-18 16:18:03.80729+00,1,2,worst,grepylol,96,89
793,2025-04-18 16:19:01.288748+00,1,3,worst,grepylol,117,113
794,2025-04-18 16:20:48.589611+00,1,4,worst,grepylol,122,62
795,2025-04-18 16:21:38.473275+00,1,5,worst,grepylol,70,87
796,2025-04-18 16:23:05.182241+00,1,6,worst,grepylol,119,124
797,2025-04-18 16:23:48.047293+00,0,0,best,a1shar,45,123
798,2025-04-18 16:23:59.261855+00,0,1,best,a1shar,118,94
799,2025-04-18 16:24:08.381248+00,0,2,best,a1shar,111,86
800,2025-04-18 16:24:17.389969+00,1,7,worst,grepylol,112,110
801,2025-04-18 16:24:18.70348+00,0,3,best,a1shar,101,91
802,2025-04-18 16:24:28.182642+00,0,4,best,a1shar,115,121
803,2025-04-18 16:24:35.343092+00,1,0,best,a1shar,45,118
804,2025-04-18 16:24:39.880181+00,1,1,best,a1shar,101,111
805,2025-04-18 16:24:45.428965+00,1,2,best,a1shar,72,115
806,2025-04-18 16:24:54.237442+00,1,3,best,a1shar,109,114
807,2025-04-18 16:25:25.73683+00,2,0,worst,grepylol,79,51
808,2025-04-18 16:25:30.500305+00,1,4,best,a1shar,65,61
809,2025-04-18 16:25:35.806717+00,1,5,best,a1shar,68,52
810,2025-04-18 16:25:41.332828+00,1,6,best,a1shar,105,47
811,2025-04-18 16:26:02.390306+00,1,7,best,a1shar,98,120
812,2025-04-18 16:26:28.415524+00,2,1,worst,grepylol,117,96
813,2025-04-18 16:27:14.758217+00,2,0,best,a1shar,45,101
814,2025-04-18 16:27:19.848063+00,2,1,best,a1shar,72,109
815,2025-04-18 16:27:30.577477+00,0,0,best,berenus,123,45
816,2025-04-18 16:27:30.764315+00,2,2,best,a1shar,68,65
817,2025-04-18 16:27:47.631956+00,0,1,best,berenus,94,118
818,2025-04-18 16:27:57.888766+00,0,2,best,berenus,111,86
819,2025-04-18 16:28:04.478867+00,0,3,best,berenus,101,91
820,2025-04-18 16:28:12.249157+00,0,4,best,berenus,115,121
821,2025-04-18 16:28:18.945658+00,0,5,best,berenus,109,72
822,2025-04-18 16:28:22.87658+00,2,3,best,a1shar,105,98
823,2025-04-18 16:28:26.719833+00,3,0,best,a1shar,45,72
824,2025-04-18 16:28:31.994598+00,3,1,best,a1shar,105,68
825,2025-04-18 16:28:33.887627+00,1,0,best,berenus,123,94
826,2025-04-18 16:28:40.628197+00,1,1,best,berenus,111,101
827,2025-04-18 16:28:52.796723+00,1,2,best,berenus,109,115
828,2025-04-18 16:28:59.563087+00,2,2,worst,grepylol,122,70
829,2025-04-18 16:28:59.637916+00,1,3,best,berenus,107,114
830,2025-04-18 16:29:09.129748+00,1,4,best,berenus,65,61
831,2025-04-18 16:29:09.903781+00,4,0,best,a1shar,105,45
832,2025-04-18 16:29:18.045634+00,0,0,worst,a1shar,99,46
833,2025-04-18 16:29:22.595014+00,0,1,worst,a1shar,79,127
834,2025-04-18 16:29:22.69663+00,1,5,best,berenus,68,52
835,2025-04-18 16:29:28.445059+00,0,2,worst,a1shar,104,126
836,2025-04-18 16:29:33.138081+00,1,6,best,berenus,105,47
837,2025-04-18 16:29:33.862106+00,0,3,worst,a1shar,51,53
838,2025-04-18 16:29:37.484056+00,0,4,worst,a1shar,93,89
839,2025-04-18 16:29:40.701331+00,1,7,best,berenus,120,98
840,2025-04-18 16:29:44.473219+00,0,5,worst,a1shar,96,117
841,2025-04-18 16:29:51.251403+00,2,0,best,berenus,123,111
842,2025-04-18 16:29:58.812811+00,2,1,best,berenus,109,107
843,2025-04-18 16:30:02.515082+00,2,3,worst,grepylol,119,112
844,2025-04-18 16:30:02.588247+00,2,2,best,berenus,65,68
845,2025-04-18 16:30:11.096483+00,2,3,best,berenus,105,120
846,2025-04-18 16:30:26.349792+00,3,0,best,berenus,109,123
847,2025-04-18 16:30:29.955896+00,3,1,best,berenus,65,105
848,2025-04-18 16:30:34.582603+00,3,0,worst,grepylol,117,79
849,2025-04-18 16:30:39.118502+00,4,0,best,berenus,65,109
850,2025-04-18 16:30:44.081364+00,3,1,worst,grepylol,122,119
851,2025-04-18 16:30:53.936991+00,0,0,worst,berenus,108,46
852,2025-04-18 16:31:03.746625+00,0,1,worst,berenus,79,99
853,2025-04-18 16:31:04.970301+00,4,0,worst,grepylol,122,117
854,2025-04-18 16:31:20.364855+00,0,2,worst,berenus,127,104
855,2025-04-18 16:31:31.66084+00,0,3,worst,berenus,51,126
856,2025-04-18 16:31:41.0559+00,0,4,worst,berenus,53,89
857,2025-04-18 16:31:47.436412+00,0,5,worst,berenus,96,93
858,2025-04-18 16:32:06.77752+00,0,6,worst,berenus,113,117
859,2025-04-18 16:32:12.2972+00,1,0,worst,berenus,108,79
860,2025-04-18 16:32:18.792681+00,1,0,worst,a1shar,79,99
861,2025-04-18 16:32:19.606937+00,1,1,worst,berenus,51,127
862,2025-04-18 16:32:24.339584+00,1,2,worst,berenus,96,53
863,2025-04-18 16:32:25.93049+00,1,1,worst,a1shar,104,51
864,2025-04-18 16:32:28.885847+00,1,3,worst,berenus,122,113
865,2025-04-18 16:32:33.435841+00,1,2,worst,a1shar,93,96
866,2025-04-18 16:32:34.266721+00,1,4,worst,berenus,87,62
867,2025-04-18 16:32:40.135731+00,1,3,worst,a1shar,122,113
868,2025-04-18 16:32:41.645087+00,1,5,worst,berenus,70,124
869,2025-04-18 16:32:45.209164+00,1,6,worst,berenus,119,110
870,2025-04-18 16:32:48.370886+00,1,4,worst,a1shar,87,62
871,2025-04-18 16:32:48.62133+00,1,7,worst,berenus,116,112
872,2025-04-18 16:32:57.389742+00,2,0,worst,berenus,51,108
873,2025-04-18 16:33:03.472816+00,2,1,worst,berenus,96,122
874,2025-04-18 16:33:08.610856+00,2,2,worst,berenus,87,70
875,2025-04-18 16:33:13.106071+00,2,3,worst,berenus,119,116
876,2025-04-18 16:33:19.846386+00,3,0,worst,berenus,96,51
877,2025-04-18 16:33:26.68565+00,3,1,worst,berenus,119,87
878,2025-04-18 16:33:41.138576+00,4,0,worst,berenus,96,119
879,2025-04-18 16:34:01.139322+00,1,5,worst,a1shar,124,70
880,2025-04-18 16:34:05.718559+00,1,6,worst,a1shar,119,110
881,2025-04-18 16:34:10.893008+00,1,7,worst,a1shar,116,112
882,2025-04-18 16:34:14.325207+00,2,0,worst,a1shar,104,79
883,2025-04-18 16:34:22.339437+00,2,1,worst,a1shar,93,122
884,2025-04-18 16:34:27.560935+00,2,2,worst,a1shar,124,87
885,2025-04-18 16:34:36.230949+00,2,3,worst,a1shar,116,119
886,2025-04-18 16:34:40.938657+00,3,0,worst,a1shar,93,104
887,2025-04-18 16:34:45.718067+00,3,1,worst,a1shar,124,116
888,2025-04-18 16:36:18.563018+00,4,0,worst,a1shar,93,124
889,2025-04-18 17:36:28.425684+00,0,3,best,gtliadrinea,91,101
890,2025-04-18 17:37:53.521697+00,0,4,best,gtliadrinea,115,121
891,2025-04-18 17:38:02.548772+00,1,0,best,gtliadrinea,45,94
892,2025-04-18 17:38:20.744526+00,1,1,best,gtliadrinea,91,111
893,2025-04-18 17:38:26.015318+00,1,2,best,gtliadrinea,72,115
894,2025-04-18 17:38:29.799352+00,1,3,best,gtliadrinea,109,107
895,2025-04-18 17:38:35.474086+00,1,4,best,gtliadrinea,114,61
896,2025-04-18 17:48:10.97622+00,0,0,best,targriss,45,123
897,2025-04-18 17:48:32.322459+00,0,1,best,targriss,118,94
898,2025-04-18 17:48:34.98586+00,1,5,best,gtliadrinea,68,65
899,2025-04-18 17:48:41.988339+00,0,2,best,targriss,86,111
900,2025-04-18 17:48:50.744872+00,1,6,best,gtliadrinea,52,47
901,2025-04-18 17:48:50.983898+00,0,3,best,targriss,91,101
902,2025-04-18 17:48:57.901678+00,1,7,best,gtliadrinea,98,105
903,2025-04-18 17:49:00.733871+00,0,4,best,targriss,121,115
904,2025-04-18 17:49:02.146569+00,2,0,best,gtliadrinea,45,91
905,2025-04-18 17:49:05.721894+00,1,0,best,targriss,45,118
906,2025-04-18 17:49:12.35383+00,1,1,best,targriss,91,86
907,2025-04-18 17:49:17.575378+00,1,2,best,targriss,72,121
908,2025-04-18 17:49:19.857883+00,2,1,best,gtliadrinea,72,109
909,2025-04-18 17:49:22.379672+00,1,3,best,targriss,109,107
910,2025-04-18 17:49:24.23535+00,2,2,best,gtliadrinea,114,68
911,2025-04-18 17:49:32.747895+00,2,3,best,gtliadrinea,52,98
912,2025-04-18 17:49:37.305668+00,3,0,best,gtliadrinea,45,72
913,2025-04-18 17:49:39.676356+00,1,4,best,targriss,114,61
914,2025-04-18 17:49:41.563872+00,3,1,best,gtliadrinea,114,52
915,2025-04-18 17:49:43.292001+00,1,5,best,targriss,65,68
916,2025-04-18 17:49:49.325373+00,1,6,best,targriss,105,47
917,2025-04-18 17:49:53.669755+00,1,7,best,targriss,98,120
918,2025-04-18 17:49:56.738134+00,4,0,best,gtliadrinea,45,114
919,2025-04-18 17:49:58.326345+00,2,0,best,targriss,45,91
920,2025-04-18 17:50:02.833344+00,2,1,best,targriss,72,109
921,2025-04-18 17:50:06.587546+00,2,2,best,targriss,114,65
922,2025-04-18 17:50:10.752471+00,2,3,best,targriss,98,105
923,2025-04-18 17:50:11.036125+00,0,0,worst,gtliadrinea,108,46
924,2025-04-18 17:50:14.540093+00,3,0,best,targriss,45,72
925,2025-04-18 17:50:19.132551+00,3,1,best,targriss,98,114
926,2025-04-18 17:50:23.043037+00,0,1,worst,gtliadrinea,99,79
927,2025-04-18 17:50:24.321452+00,4,0,best,targriss,45,98
928,2025-04-18 17:50:29.936754+00,0,2,worst,gtliadrinea,127,104
929,2025-04-18 17:50:35.245551+00,0,3,worst,gtliadrinea,51,126
930,2025-04-18 17:50:36.344888+00,0,0,worst,targriss,46,108
931,2025-04-18 17:50:44.255038+00,0,4,worst,gtliadrinea,89,53
932,2025-04-18 17:50:45.79942+00,0,1,worst,targriss,79,99
933,2025-04-18 17:50:52.931863+00,0,2,worst,targriss,104,127
934,2025-04-18 17:50:57.137788+00,0,3,worst,targriss,126,51
935,2025-04-18 17:51:01.474238+00,0,4,worst,targriss,93,89
936,2025-04-18 17:51:03.126055+00,0,5,worst,gtliadrinea,96,93
937,2025-04-18 17:51:05.827898+00,0,5,worst,targriss,117,96
938,2025-04-18 17:51:07.583658+00,1,0,worst,gtliadrinea,108,99
939,2025-04-18 17:51:12.65593+00,1,1,worst,gtliadrinea,51,127
940,2025-04-18 17:51:12.668451+00,1,0,worst,targriss,79,46
941,2025-04-18 17:51:17.342487+00,1,1,worst,targriss,126,104
942,2025-04-18 17:51:17.622334+00,1,2,worst,gtliadrinea,96,89
943,2025-04-18 17:51:20.333848+00,1,2,worst,targriss,93,117
944,2025-04-18 17:51:25.860209+00,1,3,worst,gtliadrinea,113,117
945,2025-04-18 17:51:26.316272+00,1,3,worst,targriss,113,122
946,2025-04-18 17:51:29.578819+00,1,4,worst,targriss,62,87
947,2025-04-18 17:51:31.970488+00,1,5,worst,targriss,70,124
948,2025-04-18 17:51:34.311815+00,1,6,worst,targriss,119,110
949,2025-04-18 17:51:34.775385+00,1,4,worst,gtliadrinea,122,62
950,2025-04-18 17:51:36.598667+00,1,7,worst,targriss,112,116
951,2025-04-18 17:51:38.875519+00,2,0,worst,targriss,79,126
952,2025-04-18 17:51:41.241501+00,2,1,worst,targriss,93,113
953,2025-04-18 17:51:43.832973+00,2,2,worst,targriss,62,70
954,2025-04-18 17:51:43.91328+00,1,5,worst,gtliadrinea,70,87
955,2025-04-18 17:51:46.416645+00,2,3,worst,targriss,119,112
956,2025-04-18 17:51:48.108525+00,1,6,worst,gtliadrinea,110,124
957,2025-04-18 17:51:49.098449+00,3,0,worst,targriss,79,93
958,2025-04-18 17:51:51.63738+00,3,1,worst,targriss,62,119
959,2025-04-18 17:51:53.996957+00,4,0,worst,targriss,79,62
960,2025-04-18 17:51:55.000004+00,1,7,worst,gtliadrinea,116,112
961,2025-04-18 17:51:59.037638+00,2,0,worst,gtliadrinea,108,51
962,2025-04-18 17:52:13.665811+00,2,1,worst,gtliadrinea,113,96
963,2025-04-18 17:52:21.680787+00,2,2,worst,gtliadrinea,122,70
964,2025-04-18 17:52:27.420362+00,2,3,worst,gtliadrinea,116,110
965,2025-04-18 17:52:41.116261+00,3,0,worst,gtliadrinea,113,108
966,2025-04-18 17:52:44.544647+00,3,1,worst,gtliadrinea,122,116
967,2025-04-18 17:52:50.054933+00,4,0,worst,gtliadrinea,122,113
968,2025-04-18 19:43:05.577435+00,0,0,best,erdmoon,123,45
969,2025-04-18 19:44:01.211417+00,0,1,best,erdmoon,118,94
970,2025-04-18 19:44:10.514253+00,0,2,best,erdmoon,86,111
971,2025-04-18 19:44:18.881075+00,0,3,best,erdmoon,115,101
972,2025-04-18 19:44:28.423079+00,0,4,best,erdmoon,72,121
973,2025-04-18 19:44:37.583648+00,1,0,best,erdmoon,118,123
974,2025-04-18 19:44:45.011276+00,1,1,best,erdmoon,115,86
975,2025-04-18 19:44:51.795244+00,1,2,best,erdmoon,72,109
976,2025-04-18 19:45:02.218225+00,1,3,best,erdmoon,107,114
977,2025-04-18 19:45:16.962618+00,1,4,best,erdmoon,65,61
978,2025-04-18 19:45:27.612826+00,1,5,best,erdmoon,68,52
979,2025-04-18 19:45:38.557758+00,1,6,best,erdmoon,105,47
980,2025-04-18 19:46:02.994716+00,1,7,best,erdmoon,98,120
981,2025-04-18 19:46:10.065149+00,2,0,best,erdmoon,118,115
982,2025-04-18 19:46:36.584896+00,2,1,best,erdmoon,72,107
983,2025-04-18 19:46:42.278963+00,2,2,best,erdmoon,68,65
984,2025-04-18 19:46:48.979824+00,2,3,best,erdmoon,105,98
985,2025-04-18 19:47:02.285964+00,3,0,best,erdmoon,118,72
986,2025-04-18 19:47:27.242448+00,3,1,best,erdmoon,68,105
987,2025-04-18 19:47:34.123592+00,4,0,best,erdmoon,68,118
988,2025-04-18 19:47:50.588438+00,0,0,best,marru01,45,123
989,2025-04-18 19:47:57.161296+00,0,0,worst,erdmoon,46,108
990,2025-04-18 19:48:04.799379+00,0,1,best,marru01,118,94
991,2025-04-18 19:48:16.586913+00,0,1,worst,erdmoon,99,79
992,2025-04-18 19:48:25.959156+00,0,2,worst,erdmoon,104,127
993,2025-04-18 19:48:27.339608+00,0,2,best,marru01,86,111
994,2025-04-18 19:48:33.712543+00,0,3,best,marru01,101,91
995,2025-04-18 19:48:43.767637+00,0,4,best,marru01,72,115
996,2025-04-18 19:48:47.434276+00,0,3,worst,erdmoon,126,51
997,2025-04-18 19:48:51.706657+00,1,0,best,marru01,118,45
998,2025-04-18 19:49:00.994128+00,0,4,worst,erdmoon,89,53
999,2025-04-18 19:49:10.240112+00,1,1,best,marru01,86,101
1000,2025-04-18 19:49:13.604953+00,0,5,worst,erdmoon,117,96
1001,2025-04-18 19:49:25.854261+00,1,0,worst,erdmoon,46,99
1002,2025-04-18 19:49:35.526785+00,1,1,worst,erdmoon,104,126
1003,2025-04-18 19:49:50.687686+00,1,2,worst,erdmoon,89,117
1004,2025-04-18 19:50:02.903046+00,1,3,worst,erdmoon,122,113
1005,2025-04-18 19:50:29.938264+00,1,2,best,marru01,109,72
1006,2025-04-18 19:50:33.163434+00,1,4,worst,erdmoon,87,62
1007,2025-04-18 19:50:43.315716+00,1,3,best,marru01,107,114
1008,2025-04-18 19:50:44.049863+00,1,5,worst,erdmoon,70,124
1009,2025-04-18 19:51:01.479383+00,1,4,best,marru01,65,61
1010,2025-04-18 19:51:02.423113+00,1,6,worst,erdmoon,110,119
1011,2025-04-18 19:51:09.225546+00,1,5,best,marru01,52,68
1012,2025-04-18 19:51:10.913569+00,1,7,worst,erdmoon,116,112
1013,2025-04-18 19:51:21.69703+00,2,0,worst,erdmoon,104,46
1014,2025-04-18 19:51:37.746807+00,2,1,worst,erdmoon,122,89
1015,2025-04-18 19:52:02.664364+00,2,2,worst,erdmoon,70,87
1016,2025-04-18 19:52:10.096606+00,1,6,best,marru01,47,105
1017,2025-04-18 19:52:12.799574+00,2,3,worst,erdmoon,116,110
1018,2025-04-18 19:52:27.915787+00,3,0,worst,erdmoon,122,104
1019,2025-04-18 19:52:36.786323+00,3,1,worst,erdmoon,70,116
1020,2025-04-18 19:52:49.813489+00,4,0,worst,erdmoon,70,122
1021,2025-04-18 19:53:31.12158+00,1,7,best,marru01,98,120
1022,2025-04-18 19:53:58.931853+00,2,0,best,marru01,86,118
1023,2025-04-18 19:54:05.899659+00,4,0,worst,cynique.,96,70
1024,2025-04-18 19:54:09.293572+00,2,1,best,marru01,107,109
1025,2025-04-18 19:54:24.974906+00,2,2,best,marru01,52,65
1026,2025-04-18 19:54:36.995003+00,2,3,best,marru01,47,98
1027,2025-04-18 19:54:42.486963+00,3,0,best,marru01,107,86
1028,2025-04-18 19:54:51.176051+00,3,1,best,marru01,52,47
1029,2025-04-18 19:54:58.485834+00,4,0,best,marru01,107,52
1030,2025-04-18 19:55:09.190058+00,0,0,worst,marru01,108,46
1031,2025-04-18 19:55:32.739778+00,0,1,worst,marru01,79,99
1032,2025-04-18 19:57:22.141463+00,0,2,worst,marru01,104,127
1033,2025-04-18 19:57:33.105899+00,0,3,worst,marru01,51,126
1034,2025-04-18 19:57:49.599508+00,0,4,worst,marru01,53,89
1035,2025-04-18 19:58:00.965972+00,0,5,worst,marru01,93,96
1036,2025-04-18 19:58:09.173422+00,1,0,worst,marru01,108,79
1037,2025-04-18 19:58:16.231481+00,1,1,worst,marru01,104,51
1038,2025-04-18 19:58:28.315453+00,1,2,worst,marru01,93,53
1039,2025-04-18 19:58:35.20058+00,1,3,worst,marru01,113,117
1040,2025-04-18 19:58:53.623535+00,1,4,worst,marru01,122,62
1041,2025-04-18 19:59:01.501412+00,1,5,worst,marru01,87,70
1042,2025-04-18 19:59:09.388219+00,1,6,worst,marru01,110,119
1043,2025-04-18 19:59:29.469671+00,1,7,worst,marru01,112,116
1044,2025-04-18 19:59:39.045049+00,2,0,worst,marru01,104,108
1045,2025-04-18 19:59:44.42411+00,2,1,worst,marru01,93,113
1046,2025-04-18 19:59:53.105937+00,2,2,worst,marru01,87,122
1047,2025-04-18 20:00:14.568974+00,2,3,worst,marru01,110,112
1048,2025-04-18 20:00:25.366341+00,3,0,worst,marru01,104,93
1049,2025-04-18 20:00:39.927228+00,3,1,worst,marru01,87,110
1050,2025-04-18 20:00:50.89407+00,4,0,worst,marru01,104,87
1051,2025-04-18 21:29:24.843915+00,0,0,best,daryl__,45,123
1052,2025-04-18 21:29:39.006914+00,0,1,best,daryl__,118,94
1053,2025-04-18 21:29:49.761214+00,0,2,best,daryl__,86,101
1054,2025-04-18 21:29:58.502421+00,0,3,best,daryl__,91,115
1055,2025-04-18 21:30:12.50262+00,0,4,best,daryl__,121,72
1056,2025-04-18 21:30:25.172046+00,1,0,best,daryl__,45,118
1057,2025-04-18 21:30:30.32832+00,1,1,best,daryl__,86,91
1058,2025-04-18 21:30:36.2547+00,1,2,best,daryl__,109,121
1059,2025-04-18 21:30:49.85224+00,1,3,best,daryl__,107,114
1060,2025-04-18 21:31:00.522136+00,1,4,best,daryl__,61,65
1061,2025-04-18 21:31:06.876065+00,1,5,best,daryl__,52,68
1062,2025-04-18 21:31:18.406762+00,1,6,best,daryl__,47,105
1063,2025-04-18 21:31:32.192683+00,1,7,best,daryl__,98,120
1064,2025-04-18 21:31:40.320415+00,2,0,best,daryl__,86,45
1065,2025-04-18 21:31:49.194635+00,2,1,best,daryl__,109,107
1066,2025-04-18 21:32:01.950292+00,2,2,best,daryl__,52,61
1067,2025-04-18 21:32:14.896128+00,2,3,best,daryl__,98,47
1068,2025-04-18 21:32:21.206969+00,3,0,best,daryl__,86,109
1069,2025-04-18 21:32:32.703161+00,3,1,best,daryl__,52,98
1070,2025-04-18 21:32:37.453567+00,4,0,best,daryl__,86,52
1071,2025-04-18 21:32:50.968871+00,0,0,worst,daryl__,108,46
1072,2025-04-18 21:33:04.449963+00,0,1,worst,daryl__,79,99
1073,2025-04-18 21:33:24.349247+00,0,2,worst,daryl__,104,127
1074,2025-04-18 21:33:39.035222+00,0,3,worst,daryl__,51,126
1075,2025-04-18 21:33:53.37011+00,0,4,worst,daryl__,53,89
1076,2025-04-18 21:34:01.565398+00,0,5,worst,daryl__,93,96
1077,2025-04-18 21:34:09.428126+00,1,0,worst,daryl__,108,79
1078,2025-04-18 21:34:17.926784+00,1,1,worst,daryl__,104,51
1079,2025-04-18 21:34:29.003101+00,1,2,worst,daryl__,93,53
1080,2025-04-18 21:34:39.434874+00,1,3,worst,daryl__,113,117
1081,2025-04-18 21:34:49.662406+00,1,4,worst,daryl__,62,122
1082,2025-04-18 21:34:57.167684+00,1,5,worst,daryl__,70,87
1083,2025-04-18 21:35:03.24704+00,1,6,worst,daryl__,119,124
1084,2025-04-18 21:35:15.439419+00,1,7,worst,daryl__,116,110
1085,2025-04-18 21:35:23.088146+00,2,0,worst,daryl__,108,104
1086,2025-04-18 21:35:38.523984+00,2,1,worst,daryl__,93,113
1087,2025-04-18 21:35:50.02478+00,2,2,worst,daryl__,62,70
1088,2025-04-18 21:35:57.565485+00,2,3,worst,daryl__,116,119
1089,2025-04-18 21:36:04.983192+00,3,0,worst,daryl__,108,93
1090,2025-04-18 21:36:16.074063+00,3,1,worst,daryl__,116,62
1091,2025-04-18 21:36:23.916094+00,4,0,worst,daryl__,108,116
1092,2025-04-19 13:09:17.953949+00,0,0,best,maxcros,123,45
1093,2025-04-19 13:09:45.289724+00,0,1,best,maxcros,118,94
1094,2025-04-19 13:09:54.041693+00,0,2,best,maxcros,86,111
1095,2025-04-19 13:10:00.618051+00,0,3,best,maxcros,101,91
1096,2025-04-19 13:10:08.615763+00,0,4,best,maxcros,115,121
1097,2025-04-19 13:10:14.553959+00,0,5,best,maxcros,72,109
1098,2025-04-19 13:10:32.64674+00,1,0,best,maxcros,123,118
1099,2025-04-19 13:10:37.818032+00,1,1,best,maxcros,86,101
1100,2025-04-19 13:10:43.945176+00,1,2,best,maxcros,72,115
1101,2025-04-19 13:10:55.781951+00,1,3,best,maxcros,107,114
1102,2025-04-19 13:11:02.872851+00,1,4,best,maxcros,61,65
1103,2025-04-19 13:11:15.496325+00,1,5,best,maxcros,68,52
1104,2025-04-19 13:11:28.525768+00,1,6,best,maxcros,105,47
1105,2025-04-19 13:11:53.69222+00,1,7,best,maxcros,120,98
1106,2025-04-19 13:12:05.834878+00,2,0,best,maxcros,123,86
1107,2025-04-19 13:12:17.354162+00,2,1,best,maxcros,72,107
1108,2025-04-19 13:12:31.48287+00,2,2,best,maxcros,61,68
1109,2025-04-19 13:12:47.835395+00,2,3,best,maxcros,105,120
1110,2025-04-19 13:12:53.846387+00,3,0,best,maxcros,72,123
1111,2025-04-19 13:13:05.75557+00,3,1,best,maxcros,61,105
1112,2025-04-19 13:13:24.490119+00,4,0,best,maxcros,72,61
1113,2025-04-19 13:13:51.362639+00,0,0,worst,maxcros,46,108
1114,2025-04-19 13:14:06.544004+00,0,1,worst,maxcros,99,79
1115,2025-04-19 13:14:15.342721+00,0,2,worst,maxcros,104,127
1116,2025-04-19 13:14:19.742178+00,0,3,worst,maxcros,51,126
1117,2025-04-19 13:14:29.039987+00,0,4,worst,maxcros,89,53
1118,2025-04-19 13:14:34.130313+00,0,5,worst,maxcros,93,96
1119,2025-04-19 13:14:41.539472+00,0,6,worst,maxcros,113,117
1120,2025-04-19 13:14:49.916492+00,1,0,worst,maxcros,99,46
1121,2025-04-19 13:14:55.872015+00,1,1,worst,maxcros,104,51
1122,2025-04-19 13:15:03.707364+00,1,2,worst,maxcros,89,93
1123,2025-04-19 13:15:10.753197+00,1,3,worst,maxcros,122,113
1124,2025-04-19 13:15:32.08817+00,1,4,worst,maxcros,62,87
1125,2025-04-19 13:15:44.181808+00,1,5,worst,maxcros,124,70
1126,2025-04-19 13:15:58.515805+00,1,6,worst,maxcros,119,110
1127,2025-04-19 13:16:10.463371+00,1,7,worst,maxcros,116,112
1128,2025-04-19 13:16:28.109677+00,2,0,worst,maxcros,104,99
1129,2025-04-19 13:16:34.507517+00,2,1,worst,maxcros,122,89
1130,2025-04-19 13:16:48.947003+00,2,2,worst,maxcros,62,124
1131,2025-04-19 13:16:54.728702+00,2,3,worst,maxcros,119,116
1132,2025-04-19 13:17:00.253273+00,3,0,worst,maxcros,122,104
1133,2025-04-19 13:17:09.947403+00,3,1,worst,maxcros,62,119
1134,2025-04-19 13:17:15.492438+00,4,0,worst,maxcros,122,62
1135,2025-04-19 13:43:01.872324+00,0,0,best,quetesh,45,123
1136,2025-04-19 13:43:11.233325+00,0,1,best,quetesh,118,94
1137,2025-04-19 13:43:23.906301+00,0,2,best,quetesh,111,86
1138,2025-04-19 13:43:35.040895+00,0,3,best,quetesh,101,91
1139,2025-04-19 13:43:52.023521+00,0,4,best,quetesh,121,115
1140,2025-04-19 13:44:04.148388+00,1,0,best,quetesh,45,118
1141,2025-04-19 13:44:18.038472+00,1,1,best,quetesh,101,111
1142,2025-04-19 13:44:22.875266+00,1,2,best,quetesh,121,72
1143,2025-04-19 13:44:32.78418+00,1,3,best,quetesh,107,109
1144,2025-04-19 13:44:39.850537+00,1,4,best,quetesh,61,114
1145,2025-04-19 13:44:49.160414+00,1,5,best,quetesh,52,68
1146,2025-04-19 13:45:00.779276+00,1,6,best,quetesh,105,47
1147,2025-04-19 13:45:12.767739+00,1,7,best,quetesh,98,120
1148,2025-04-19 13:45:18.250907+00,2,0,best,quetesh,45,101
1149,2025-04-19 13:45:28.354588+00,2,1,best,quetesh,121,107
1150,2025-04-19 13:45:31.685046+00,2,2,best,quetesh,61,52
1151,2025-04-19 13:45:42.109884+00,2,3,best,quetesh,98,105
1152,2025-04-19 13:45:46.273605+00,3,0,best,quetesh,121,45
1153,2025-04-19 13:45:54.778502+00,3,1,best,quetesh,61,98
1154,2025-04-19 13:46:03.575491+00,4,0,best,quetesh,121,61
1155,2025-04-19 13:46:25.326004+00,0,0,worst,quetesh,108,46
1156,2025-04-19 13:46:35.484074+00,0,1,worst,quetesh,79,99
1157,2025-04-19 13:46:44.558366+00,0,2,worst,quetesh,127,104
1158,2025-04-19 13:46:53.261924+00,0,3,worst,quetesh,126,51
1159,2025-04-19 13:47:02.611066+00,0,4,worst,quetesh,93,53
1160,2025-04-19 13:47:12.482519+00,0,5,worst,quetesh,117,96
1161,2025-04-19 13:47:25.618979+00,1,0,worst,quetesh,79,108
1162,2025-04-19 13:47:35.118792+00,1,1,worst,quetesh,127,126
1163,2025-04-19 13:47:42.7095+00,1,2,worst,quetesh,117,93
1164,2025-04-19 13:47:50.187401+00,1,3,worst,quetesh,122,113
1165,2025-04-19 13:47:59.135116+00,1,4,worst,quetesh,87,62
1166,2025-04-19 13:48:09.348061+00,1,5,worst,quetesh,70,124
1167,2025-04-19 13:48:23.393314+00,1,6,worst,quetesh,119,110
1168,2025-04-19 13:48:29.023309+00,1,7,worst,quetesh,116,112
1169,2025-04-19 13:48:39.914241+00,2,0,worst,quetesh,79,127
1170,2025-04-19 13:48:55.863943+00,2,1,worst,quetesh,117,122
1171,2025-04-19 13:49:02.103687+00,2,2,worst,quetesh,70,87
1172,2025-04-19 13:49:17.574977+00,2,3,worst,quetesh,116,119
1173,2025-04-19 13:49:23.693179+00,3,0,worst,quetesh,117,79
1174,2025-04-19 13:49:31.805144+00,3,1,worst,quetesh,116,70
1175,2025-04-19 13:49:36.750277+00,4,0,worst,quetesh,117,116
1176,2025-04-19 14:55:51.062714+00,0,0,best,.palec,45,123
1177,2025-04-19 14:56:19.416004+00,0,1,best,.palec,94,118
1178,2025-04-19 14:56:26.928782+00,0,2,best,.palec,86,111
1179,2025-04-19 14:56:41.206427+00,0,3,best,.palec,101,91
1180,2025-04-19 14:57:01.923316+00,0,4,best,.palec,115,121
1181,2025-04-19 14:57:17.553989+00,1,0,best,.palec,94,45
1182,2025-04-19 14:57:44.931764+00,1,1,best,.palec,86,101
1183,2025-04-19 14:57:52.748765+00,1,2,best,.palec,115,72
1184,2025-04-19 14:58:07.648855+00,1,3,best,.palec,109,107
1185,2025-04-19 14:58:29.333007+00,1,4,best,.palec,114,61
1186,2025-04-19 14:58:45.130675+00,1,5,best,.palec,68,65
1187,2025-04-19 14:58:59.343752+00,1,6,best,.palec,47,52
1188,2025-04-19 14:59:25.225462+00,1,7,best,.palec,105,120
1189,2025-04-19 14:59:55.759096+00,2,0,best,.palec,86,94
1190,2025-04-19 15:00:05.144364+00,2,1,best,.palec,115,109
1191,2025-04-19 15:00:51.101922+00,2,2,best,.palec,68,114
1192,2025-04-19 15:01:11.512408+00,2,3,best,.palec,105,47
1193,2025-04-19 15:01:16.890749+00,3,0,best,.palec,86,115
1194,2025-04-19 15:01:28.607811+00,3,1,best,.palec,105,68
1195,2025-04-19 15:01:40.523823+00,4,0,best,.palec,86,105
1196,2025-04-19 15:02:15.47327+00,0,0,worst,.palec,108,46
1197,2025-04-19 15:02:25.582685+00,0,1,worst,.palec,127,79
1198,2025-04-19 15:02:37.877251+00,0,2,worst,.palec,126,104
1199,2025-04-19 15:02:57.590109+00,0,3,worst,.palec,53,51
1200,2025-04-19 15:03:14.124898+00,0,4,worst,.palec,89,93
1201,2025-04-19 15:03:31.623743+00,0,5,worst,.palec,96,117
1202,2025-04-19 15:03:42.314709+00,1,0,worst,.palec,127,108
1203,2025-04-19 15:03:59.821162+00,1,1,worst,.palec,126,53
1204,2025-04-19 15:06:04.807554+00,1,2,worst,.palec,96,89
1205,2025-04-19 15:09:00.572102+00,1,3,worst,.palec,122,113
1206,2025-04-19 15:09:38.81598+00,1,4,worst,.palec,62,87
1207,2025-04-19 15:11:01.79615+00,1,5,worst,.palec,124,70
1208,2025-04-19 15:12:55.677014+00,1,6,worst,.palec,119,110
1209,2025-04-19 15:14:27.420038+00,1,7,worst,.palec,112,116
1210,2025-04-19 15:14:39.482494+00,2,0,worst,.palec,127,126
1211,2025-04-19 15:15:13.012416+00,2,1,worst,.palec,96,122
1212,2025-04-19 15:15:31.664066+00,2,2,worst,.palec,62,124
1213,2025-04-19 15:15:56.416715+00,2,3,worst,.palec,119,112
1214,2025-04-19 15:16:35.87699+00,3,0,worst,.palec,127,96
1215,2025-04-19 15:21:45.490015+00,3,1,worst,.palec,62,119
1216,2025-04-19 15:22:05.292381+00,4,0,worst,.palec,127,62
1217,2025-04-20 12:27:45.286221+00,0,0,best,.omnira,45,123
1218,2025-04-20 12:27:56.88286+00,0,1,best,.omnira,94,118
1219,2025-04-20 12:28:07.448062+00,0,2,best,.omnira,86,111
1220,2025-04-20 12:28:15.496878+00,0,3,best,.omnira,91,101
1221,2025-04-20 12:28:25.715184+00,0,4,best,.omnira,115,121
1222,2025-04-20 12:28:29.500919+00,1,0,best,.omnira,45,94
1223,2025-04-20 12:28:35.863412+00,1,1,best,.omnira,91,86
1224,2025-04-20 12:28:39.405206+00,1,2,best,.omnira,115,72
1225,2025-04-20 12:28:44.950913+00,1,3,best,.omnira,107,109
1226,2025-04-20 12:28:55.342932+00,1,4,best,.omnira,114,61
1227,2025-04-20 12:29:00.206473+00,1,5,best,.omnira,68,65
1228,2025-04-20 12:29:05.980566+00,1,6,best,.omnira,52,105
1229,2025-04-20 12:29:15.039099+00,1,7,best,.omnira,98,120
1230,2025-04-20 12:29:18.804355+00,2,0,best,.omnira,45,91
1231,2025-04-20 12:29:32.368024+00,2,1,best,.omnira,115,107
1232,2025-04-20 12:29:36.149853+00,2,2,best,.omnira,68,114
1233,2025-04-20 12:29:48.116842+00,2,3,best,.omnira,52,98
1234,2025-04-20 12:29:54.228194+00,3,0,best,.omnira,115,45
1235,2025-04-20 12:30:01.853654+00,3,1,best,.omnira,68,52
1236,2025-04-20 12:30:07.042612+00,4,0,best,.omnira,115,68
1237,2025-04-20 12:30:14.23643+00,0,0,worst,.omnira,99,108
1238,2025-04-20 12:30:24.379379+00,0,1,worst,.omnira,127,79
1239,2025-04-20 12:30:32.218123+00,0,2,worst,.omnira,104,126
1240,2025-04-20 12:30:38.369714+00,0,3,worst,.omnira,51,53
1241,2025-04-20 12:30:48.838063+00,0,4,worst,.omnira,89,93
1242,2025-04-20 12:30:54.004498+00,0,5,worst,.omnira,96,117
1243,2025-04-20 12:31:00.829722+00,1,0,worst,.omnira,127,99
1244,2025-04-20 12:31:04.947889+00,1,1,worst,.omnira,104,51
1245,2025-04-20 12:31:10.464837+00,1,2,worst,.omnira,89,96
1246,2025-04-20 12:31:17.167052+00,1,3,worst,.omnira,122,113
1247,2025-04-20 12:31:24.838493+00,1,4,worst,.omnira,87,62
1248,2025-04-20 12:31:32.641061+00,1,5,worst,.omnira,124,70
1249,2025-04-20 12:31:37.35871+00,1,6,worst,.omnira,110,119
1250,2025-04-20 12:31:43.122013+00,1,7,worst,.omnira,112,116
1251,2025-04-20 12:31:46.581819+00,2,0,worst,.omnira,104,127
1252,2025-04-20 12:31:51.294547+00,2,1,worst,.omnira,122,89
1253,2025-04-20 12:31:56.797544+00,2,2,worst,.omnira,87,124
1254,2025-04-20 12:32:06.740849+00,2,3,worst,.omnira,112,110
1255,2025-04-20 12:32:10.1455+00,3,0,worst,.omnira,122,104
1256,2025-04-20 12:32:15.775642+00,3,1,worst,.omnira,87,112
1257,2025-04-20 12:32:19.242675+00,4,0,worst,.omnira,122,87